"","Name","season","Games","wRC_CON","PA_G","zscore","zscore_everyday","Team","G","AB","PA","BB%","K%","K/PA","BB/K","OBP","SLG","OPS","ISO","BABIP","GB/FB","LD%","GB%","FB%","IFFB%","HR/FB","IFH%","BUH%","wOBA","wRAA","wRC","ValueW","Spd","Age","wRC+"
"1","Will Venable",2015,89,0.226,3.2,0.73535012364208,NA,"Padres",91,264,288,0.0833333,0.268939,0.246528,0.338028,0.315972,0.382576,0.698548,0.128788,0.326203,2.32609,0.190476,0.566138,0.243386,0.108696,0.130435,0.0654206,0.75,0.306824,-0.924861,30.8127,1.10412,6.672,32,98.6471
"2","Juan Uribe",2015,83,0.213,3.4,0.593244575579049,NA,"- - -",86,267,292,0.0787671,0.209738,0.191781,0.410714,0.321918,0.41573,0.737648,0.153558,0.293532,1.36986,0.183962,0.471698,0.34434,0.123288,0.150685,0.06,0,0.319945,2.08065,34.2591,1.27143,2.3814,36,104.759
"3","Adrian Beltre",2015,88,0.256,4.3,1.06328600378754,NA,"Rangers",90,361,390,0.0589744,0.105263,0.0974359,0.605263,0.307692,0.404432,0.712124,0.141274,0.27044,1.18966,0.223242,0.422018,0.35474,0.0948276,0.0775862,0.0869565,0,0.306961,-1.21014,41.7679,2.06299,4.07163,36,88.5663
"4","Torii Hunter",2015,95,0.255,4.1,1.05235480778269,NA,"Twins",98,371,406,0.0689655,0.188679,0.172414,0.4,0.302956,0.436658,0.739613,0.188679,0.25784,1.30909,0.156146,0.478405,0.365449,0.118182,0.163636,0.0555556,0.25,0.319961,2.89819,47.6394,1.14841,2.38898,39,102.247
"5","David Ortiz",2015,98,0.256,4.2,1.06328600378754,NA,"Red Sox",101,373,429,0.123543,0.171582,0.149184,0.828125,0.337995,0.485255,0.82325,0.238606,0.238754,1,0.217949,0.391026,0.391026,0.0983607,0.188525,0.0245902,0,0.348329,12.6494,59.9252,1.17755,0.696136,39,118.915
"6","Todd Frazier",2015,103,0.267,4.4,1.18352915984087,1.46238476827072,"Reds",106,425,464,0.0646552,0.2,0.18319,0.352941,0.3125,0.524706,0.837206,0.265882,0.26183,0.690909,0.188953,0.331395,0.479651,0.181818,0.163636,0.0701754,0,0.356744,16.7574,67.8902,3.40451,4.45962,29,125.539
"7","Brandon Phillips",2015,94,0.225,4.2,0.724418927637231,NA,"Reds",97,387,410,0.0439024,0.118863,0.112195,0.391304,0.320293,0.379845,0.700138,0.0956072,0.305389,1.40187,0.246334,0.439883,0.313783,0.11215,0.0747664,0.0533333,0,0.307266,-1.17375,44.0083,1.66554,5.67461,34,91.4772
"8","Marlon Byrd",2015,83,0.285,4.1,1.38029068792814,NA,"Reds",86,326,352,0.0596591,0.269939,0.25,0.238636,0.295455,0.47546,0.770915,0.230061,0.276018,0.989691,0.195833,0.4,0.404167,0.0618557,0.195876,0.104167,0,0.330654,5.47795,44.2683,0.577704,3.98358,37,107.579
"9","Jimmy Rollins",2015,102,0.239,4,0.877455671705111,-0.0374308546159329,"Dodgers",105,387,420,0.0738095,0.157623,0.145238,0.508197,0.279236,0.364341,0.643577,0.142119,0.237342,0.940741,0.176101,0.399371,0.424528,0.103704,0.0814815,0.0393701,0.1,0.283171,-9.1748,37.1092,0.204461,4.81154,36,80.9052
"10","Aramis Ramirez",2015,90,0.271,3.8,1.22725394386026,NA,"- - -",92,326,349,0.0458453,0.144172,0.13467,0.340426,0.280802,0.40184,0.682643,0.162577,0.247232,0.931624,0.198582,0.386525,0.414894,0.0854701,0.0940171,0.0275229,0,0.293189,-4.86932,33.5905,0.394456,1.58539,37,81.4642
"11","Ichiro Suzuki",2015,102,0.167,2.7,0.0904095593560157,-3.8940995991816,"Marlins",105,258,283,0.0742049,0.139535,0.127208,0.583333,0.302491,0.290698,0.593189,0.0426357,0.282511,3.76316,0.184685,0.644144,0.171171,0.0526316,0.0263158,0.0699301,0.5,0.265286,-10.1694,21.0172,-0.490516,5.64722,41,64.8359
"12","Albert Pujols",2015,103,0.255,4.2,1.05235480778269,0.819606644176439,"Angels",105,405,442,0.0723982,0.125926,0.115385,0.627451,0.319005,0.516049,0.835054,0.25679,0.230769,0.965986,0.185915,0.4,0.414084,0.115646,0.204082,0.0352113,0,0.355029,15.3659,64.0743,2.09718,2.28371,35,133.067
"13","Alex Rodriguez",2015,99,0.25,4.3,0.997698827758445,NA,"Yankees",102,363,436,0.139908,0.253444,0.211009,0.663043,0.385321,0.528926,0.914247,0.250689,0.304348,1.17647,0.198556,0.433213,0.368231,0.0490196,0.235294,0.0333333,0,0.390881,27.4716,75.5188,3.00288,2.87489,39,151.244
"14","Mark Teixeira",2015,99,0.247,4.2,0.964905239743899,NA,"Yankees",102,362,429,0.130536,0.209945,0.177156,0.736842,0.368298,0.574586,0.942884,0.309392,0.252874,0.895161,0.19244,0.381443,0.426117,0.0967742,0.241935,0.027027,0,0.39664,28.9769,76.2527,3.29972,2.11942,35,155.248
"15","Michael Cuddyer",2015,82,0.229,3.8,0.768143711656626,NA,"Mets",82,292,314,0.0636943,0.25,0.232484,0.273973,0.302548,0.380137,0.682685,0.130137,0.308057,1.67692,0.205479,0.497717,0.296804,0.138462,0.123077,0.137615,0,0.300811,-2.49555,32.1073,-0.0425312,3.28673,36,93.8466
"16","Omar Infante",2015,100,0.216,3.8,0.626038163593594,-1.26942225912997,"Royals",103,376,388,0.0206186,0.167553,0.162371,0.126984,0.24031,0.31117,0.55148,0.0851064,0.266667,1.09402,0.217252,0.408946,0.373802,0.102564,0.00854701,0.0859375,0.25,0.239113,-21.9424,20.8152,-0.509056,4.00844,33,46.5711
"17","Jhonny Peralta",2015,105,0.236,4.3,0.844662083690565,-0.198125385639503,"Cardinals",107,414,455,0.0747253,0.195652,0.178022,0.419753,0.336264,0.451691,0.787955,0.171498,0.311526,1.33945,0.243323,0.433234,0.323442,0.0550459,0.146789,0.0479452,0,0.33929,10.1762,60.3172,1.92869,1.85877,33,117.855
"18","David DeJesus",2015,87,0.218,3.2,0.647900555603291,NA,"- - -",91,258,285,0.0666667,0.186047,0.168421,0.395833,0.305263,0.344961,0.650224,0.104651,0.275362,1.39706,0.231132,0.448113,0.320755,0.0735294,0.0735294,0.0526316,0,0.288145,-5.10891,26.2981,0.00179179,3.9104,35,85.199
"19","Joe Mauer",2015,104,0.203,4.2,0.483932615530563,-1.96576522689877,"Twins",108,402,447,0.0894855,0.18408,0.165548,0.540541,0.331096,0.378109,0.709206,0.11194,0.307692,2.58571,0.237082,0.550152,0.212766,0.0428571,0.1,0.038674,1,0.303787,-2.50466,46.7547,0.0956374,2.77825,32,91.0034
"20","Jose Bautista",2015,102,0.261,4.3,1.11794198381178,1.14099570622358,"Blue Jays",105,371,453,0.156733,0.185984,0.152318,1.02899,0.359823,0.504043,0.863867,0.266846,0.221831,0.787671,0.15534,0.372168,0.472492,0.116438,0.171233,0.0347826,0,0.370204,21.1637,71.0843,2.65068,4.41688,34,136.03
"21","Adam LaRoche",2015,99,0.247,3.9,0.964905239743899,NA,"White Sox",102,348,397,0.108312,0.327586,0.287154,0.377193,0.307305,0.347701,0.655006,0.132184,0.287611,1.18182,0.182979,0.442553,0.374468,0.0454545,0.113636,0.0192308,0,0.293758,-5.36124,38.3882,-0.615721,0.791005,35,83.8034
"22","Adrian Gonzalez",2015,105,0.254,4.1,1.04142361177784,0.766041800501915,"Dodgers",108,398,449,0.0979955,0.173367,0.153675,0.637681,0.372768,0.530151,0.902919,0.233668,0.311688,0.959016,0.273556,0.355623,0.370821,0.057377,0.180328,0.025641,0,0.384378,25.9903,75.4701,3.47357,1.49669,33,150.579
"23","David Peralta",2015,94,0.233,3.5,0.81186849567602,NA,"Diamondbacks",100,305,344,0.0901163,0.245902,0.218023,0.413333,0.351744,0.495082,0.846826,0.213115,0.339286,1.60563,0.206009,0.48927,0.304721,0.056338,0.140845,0.0438596,1,0.362527,13.9909,51.8997,2.43791,5.85145,27,128.184
"24","Edwin Encarnacion",2015,101,0.225,4.2,0.724418927637231,-0.787338666059256,"Blue Jays",104,374,439,0.125285,0.197861,0.168565,0.743243,0.348519,0.475936,0.824455,0.224599,0.25614,0.908397,0.183007,0.388889,0.428105,0.183206,0.160305,0.0336134,0,0.355607,15.4616,63.8394,1.86453,1.82848,32,125.883
"25","Ryan Howard",2015,98,0.273,3.9,1.24911633586996,NA,"Phillies",101,370,400,0.055,0.302703,0.28,0.196429,0.285714,0.454054,0.739768,0.218919,0.282158,0.91,0.265385,0.35,0.384615,0.01,0.19,0.032967,0,0.31745,2.0639,46.1439,0.114745,1.79563,35,101.09
"26","Carlos Santana",2015,100,0.246,4.3,0.953974043739051,0.33752305110573,"Indians",102,360,439,0.168565,0.222222,0.182232,0.925,0.355353,0.380556,0.735909,0.158333,0.250923,1.16667,0.16726,0.448399,0.384342,0.185185,0.111111,0.047619,1,0.326472,5.38533,53.7631,1.3296,3.92182,29,109.094
"27","Nelson Cruz",2015,107,0.265,4.3,1.16166676783117,1.35525508092167,"Mariners",109,422,467,0.0899358,0.239336,0.216274,0.415842,0.389722,0.601896,0.991617,0.277251,0.363322,1.16239,0.211838,0.423676,0.364486,0.119658,0.273504,0.0882353,0,0.420656,40.3788,91.8422,4.02816,2.36967,34,176.699
"28","Pedro Alvarez",2015,97,0.237,3.6,0.855593279695414,NA,"Pirates",100,314,349,0.0859599,0.280255,0.252149,0.340909,0.30086,0.423567,0.724426,0.191083,0.271028,2.21429,0.210526,0.54386,0.245614,0.0892857,0.267857,0.0241935,0,0.308106,-0.76817,37.6916,-0.467431,2.89673,28,98.6295
"29","Lucas Duda",2015,105,0.261,4.2,1.11794198381178,1.14099570622358,"Mets",107,385,449,0.109131,0.301299,0.258352,0.422414,0.349666,0.483117,0.832783,0.233766,0.298805,0.620155,0.231618,0.294118,0.474265,0.0930233,0.162791,0.0625,0,0.359614,17.2311,66.7109,2.6103,1.55214,29,134.328
"30","Brandon Guyer",2015,82,0.204,3.1,0.494863811535412,NA,"Rays",86,214,256,0.0820312,0.196262,0.164062,0.5,0.359684,0.378505,0.738188,0.130841,0.285714,1.50943,0.217647,0.470588,0.311765,0.188679,0.0943396,0.075,0,0.333028,4.46256,32.6738,1.64761,5.6792,29,116.198
"31","Angel Pagan",2015,98,0.216,4.2,0.626038163593594,NA,"Giants",101,396,421,0.0475059,0.174242,0.163895,0.289855,0.292162,0.310606,0.602768,0.050505,0.310241,1.39252,0.228916,0.448795,0.322289,0.0186916,0,0.0469799,0,0.26612,-14.8518,31.5424,-0.892805,4.67568,33,73.5845
"32","Mike Napoli",2015,95,0.287,3.9,1.40215307993784,NA,"- - -",99,331,381,0.120735,0.302115,0.262467,0.46,0.307087,0.383686,0.690772,0.178248,0.251142,1.13187,0.163793,0.443966,0.392241,0.10989,0.142857,0.0970874,0,0.304804,-1.82965,40.1565,0.241454,3.36491,33,88.6486
"33","Mitch Moreland",2015,83,0.243,4,0.921180455724505,NA,"Rangers",85,309,338,0.0680473,0.239482,0.218935,0.310811,0.346154,0.508091,0.854244,0.213592,0.337838,1.26829,0.218487,0.436975,0.344538,0.0853659,0.195122,0.0192308,0,0.366843,14.8962,52.1438,2.0735,1.83442,29,130.194
"34","Shin-Soo Choo",2015,95,0.248,4.3,0.975836435748748,NA,"Rangers",96,360,411,0.0948905,0.277778,0.243309,0.39,0.321951,0.425,0.746951,0.186111,0.288,1.85135,0.194656,0.522901,0.282443,0.0135135,0.189189,0.00729927,0.666667,0.326606,5.08521,50.3774,0.509681,3.79986,32,102.222
"35","Robinson Cano",2015,103,0.26,4.3,1.10701078780693,1.08743086254905,"Mariners",105,422,455,0.0593407,0.177725,0.164835,0.36,0.314286,0.421801,0.736087,0.154028,0.298817,1.9011,0.245714,0.494286,0.26,0.043956,0.131868,0.017341,0,0.317159,2.24334,52.3843,1.05584,2.8006,32,104.753
"36","Martin Prado",2015,82,0.214,4.2,0.604175771583897,NA,"Marlins",85,335,360,0.0472222,0.134328,0.125,0.377778,0.311978,0.355224,0.667202,0.0835821,0.301038,1.57471,0.235495,0.467577,0.296928,0.149425,0.045977,0.0510949,0,0.29318,-5.02536,34.6466,1.17057,1.52026,31,84.0392
"37","Alberto Callaspo",2015,87,0.175,2.7,0.177859127394804,NA,"- - -",90,213,242,0.107438,0.14554,0.128099,0.83871,0.311203,0.2723,0.583504,0.0422535,0.262295,1.07576,0.251366,0.387978,0.360656,0.0757576,0.0151515,0.028169,0,0.265959,-8.56768,18.1007,-0.22661,1.03813,32,67.5651
"38","Matt Joyce",2015,85,0.222,3.3,0.691625339622686,NA,"Angels",86,242,278,0.104317,0.264463,0.230216,0.453125,0.274368,0.297521,0.571889,0.119835,0.217143,0.973333,0.177778,0.405556,0.416667,0.106667,0.0666667,0.109589,0,0.258315,-11.5164,19.1192,-1.24758,2.0862,30,65.835
"39","Ryan Braun",2015,102,0.256,4.1,1.06328600378754,0.873171487850962,"Brewers",105,381,427,0.0913349,0.244094,0.217799,0.419355,0.342723,0.488189,0.830912,0.217848,0.309963,1.51064,0.186207,0.489655,0.324138,0.0319149,0.202128,0.0704225,0,0.357224,15.5828,62.6382,1.63104,6.23161,31,124.358
"40","Anthony Rizzo",2015,105,0.241,4.4,0.899318063714808,0.0696988327331135,"Cubs",108,394,475,0.111579,0.159898,0.132632,0.84127,0.402105,0.535533,0.937638,0.241117,0.300633,0.748299,0.232836,0.328358,0.438806,0.0884354,0.142857,0.0363636,0.5,0.400228,33.4264,85.7714,4.44912,4.97806,25,158.29
"41","Eric Hosmer",2015,102,0.232,4.2,0.800937299671171,-0.412384760337594,"Royals",106,402,444,0.0833333,0.179104,0.162162,0.513889,0.374718,0.470149,0.844867,0.154229,0.361371,2.32877,0.254601,0.521472,0.223926,0.0684932,0.150685,0.0647059,0.571429,0.364917,18.8939,67.8227,2.7077,4.59502,25,134.024
"42","Troy Tulowitzki",2015,95,0.23,4.1,0.779074907661474,NA,"- - -",98,365,400,0.0725,0.221918,0.2025,0.358025,0.35,0.476712,0.826712,0.180822,0.341912,0.982456,0.212544,0.390244,0.397213,0.140351,0.131579,0.0625,0,0.355074,13.9201,58.0001,1.95093,2.5803,30,112.222
"43","Rene Rivera",2015,81,0.239,3.3,0.877455671705111,NA,"Rays",86,255,271,0.0332103,0.301961,0.284133,0.116883,0.212687,0.286275,0.498961,0.105882,0.234286,0.8625,0.172222,0.383333,0.444444,0.15,0.0625,0.0434783,0,0.219277,-19.5607,10.3035,-0.673717,0.642857,31,37.1235
"44","Chris Young",2015,81,0.259,3.3,1.09607959180208,NA,"Yankees",100,253,278,0.0683453,0.213439,0.194245,0.351852,0.316364,0.486166,0.80253,0.225296,0.283422,0.768421,0.16,0.365,0.475,0.189474,0.136842,0.136986,0,0.344904,7.44708,38.0827,1.50345,4.06836,31,119.283
"45","Josh Reddick",2015,99,0.249,3.9,0.986767631753596,NA,"Athletics",101,363,395,0.0734177,0.107438,0.0987342,0.74359,0.332487,0.454545,0.787033,0.173554,0.284345,0.902256,0.223926,0.368098,0.407975,0.075188,0.0977444,0.0666667,0,0.341432,9.50073,53.0297,2.33887,4.49567,28,121.304
"46","Melky Cabrera",2015,105,0.243,4.3,0.921180455724505,0.17682852008216,"White Sox",107,422,459,0.0588235,0.14455,0.132898,0.442623,0.323144,0.400474,0.723618,0.118483,0.310249,1.53636,0.237705,0.461749,0.300546,0.0909091,0.0636364,0.0414201,0,0.314222,1.20105,51.7829,0.408593,2.98837,30,98.0289
"47","Dexter Fowler",2015,103,0.242,4.4,0.910249259719656,0.123263676407637,"Cubs",106,408,471,0.118896,0.245098,0.212314,0.56,0.334755,0.387255,0.72201,0.147059,0.29097,1.08696,0.213115,0.409836,0.377049,0.0608696,0.0956522,0.04,0.428571,0.320467,3.54988,55.4541,1.52757,6.90697,29,103.38
"48","Erick Aybar",2015,104,0.217,4.1,0.636969359598443,-1.21585741545544,"Angels",106,399,432,0.0486111,0.130326,0.12037,0.403846,0.315421,0.33584,0.65126,0.0601504,0.309456,2.02299,0.214925,0.525373,0.259701,0.0689655,0.0229885,0.0568182,0.35,0.287686,-7.90037,39.706,1.34279,4.04988,31,86.2524
"49","Michael Brantley",2015,98,0.221,4.3,0.680694143617837,NA,"Indians",100,382,436,0.112385,0.0890052,0.0779817,1.44118,0.385321,0.455497,0.840818,0.146597,0.319767,1.62857,0.209169,0.489971,0.30086,0.0380952,0.0761905,0.0526316,0.666667,0.362959,17.8809,65.9281,2.67106,3.93137,28,134.458
"50","Yunel Escobar",2015,95,0.226,4.2,0.73535012364208,NA,"Nationals",97,376,410,0.0609756,0.143617,0.131707,0.462963,0.363415,0.420213,0.783627,0.109043,0.347003,2.44,0.201238,0.566563,0.232198,0.08,0.0933333,0.0491803,1,0.344745,10.9317,56.1137,1.56968,2.48638,32,120.132
"51","Howie Kendrick",2015,101,0.241,4.3,0.899318063714808,0.0696988327331135,"Dodgers",104,416,447,0.0604027,0.182692,0.170022,0.355263,0.338565,0.415865,0.75443,0.122596,0.340361,3.28333,0.246334,0.577713,0.175953,0,0.15,0.0812183,0,0.329782,6.64924,55.9086,1.8714,4.3046,31,112.994
"52","Stephen Drew",2015,91,0.259,3.5,1.09607959180208,NA,"Yankees",93,289,322,0.0838509,0.176471,0.158385,0.529412,0.2625,0.380623,0.643123,0.186851,0.188596,0.767241,0.142259,0.372385,0.485356,0.12069,0.112069,0.0786517,0,0.281105,-7.55794,27.9265,-0.0382066,2.22851,32,74.9327
"53","Joey Votto",2015,103,0.24,4.4,0.888386867709959,0.0161339890585903,"Reds",106,376,466,0.184549,0.220745,0.178112,1.03614,0.437768,0.526596,0.964364,0.220745,0.349091,1.28125,0.244828,0.424138,0.331034,0.0104167,0.197917,0.00813008,0.5,0.41547,38.3887,89.7419,4.88731,3.65199,31,165.968
"54","Daniel Murphy",2015,84,0.245,4.1,0.943042847734202,NA,"Mets",86,325,353,0.0679887,0.0830769,0.0764873,0.888889,0.328612,0.415385,0.743997,0.138462,0.280822,1.3,0.233333,0.433333,0.333333,0.08,0.08,0.0461538,0,0.314984,1.13581,40.0364,1.2518,1.28416,30,103.604
"55","Brandon Moss",2015,100,0.276,3.9,1.28190992388451,1.94446836134143,"- - -",102,362,402,0.0845771,0.309392,0.278607,0.303571,0.283582,0.392265,0.675847,0.179558,0.260504,0.642276,0.201581,0.312253,0.486166,0.0569106,0.121951,0.0759494,0,0.294121,-5.31363,38.9868,0.0749553,1.70015,31,86.6852
"56","Starlin Castro",2015,103,0.232,4.2,0.800937299671171,-0.412384760337594,"Cubs",104,411,435,0.0413793,0.177616,0.167816,0.246575,0.271264,0.304136,0.575401,0.0681265,0.27381,2.08602,0.158358,0.568915,0.272727,0.129032,0.0537634,0.0979381,0,0.250096,-20.8368,27.1002,-0.808775,2.90451,25,54.9345
"57","Prince Fielder",2015,105,0.223,4.4,0.702556535627534,-0.894468353408303,"Rangers",107,417,469,0.0852878,0.129496,0.115139,0.740741,0.390192,0.501199,0.891391,0.177458,0.337143,1.28462,0.190736,0.455041,0.354223,0.0538462,0.130769,0.0479042,0,0.379735,25.4326,77.1164,1.84757,1.02102,31,139.155
"58","Russell Martin",2015,92,0.255,4,1.05235480778269,NA,"Blue Jays",95,330,377,0.0954907,0.224242,0.196286,0.486486,0.33687,0.460606,0.797476,0.206061,0.281633,1.48837,0.164062,0.5,0.335938,0.22093,0.174419,0.0625,0.25,0.346244,10.4969,52.0423,2.97057,4.65999,32,119.373
"59","Ben Revere",2015,100,0.227,4.1,0.746281319646928,-0.68020897871021,"- - -",104,394,420,0.047619,0.0939086,0.0880952,0.540541,0.326923,0.362944,0.689867,0.071066,0.319328,3,0.25,0.5625,0.1875,0.030303,0.0151515,0.106061,0.3,0.303682,-2.38829,43.8957,1.55674,7.44339,27,91.1035
"60","Chase Headley",2015,99,0.213,4.3,0.593244575579049,NA,"Yankees",104,397,436,0.0688073,0.216625,0.197248,0.348837,0.327982,0.390428,0.71841,0.118388,0.323529,1.56818,0.280255,0.43949,0.280255,0.136364,0.102273,0.0652174,1,0.316084,1.78073,49.8279,1.59503,2.6337,31,99.2487
"61","Curtis Granderson",2015,108,0.223,4.3,0.702556535627534,-0.894468353408303,"Mets",110,410,470,0.117021,0.270732,0.23617,0.495495,0.348936,0.453659,0.802595,0.195122,0.308511,0.778689,0.276667,0.316667,0.406667,0.0819672,0.155738,0.0631579,1,0.348805,14.0348,65.8288,3.55648,3.96943,34,126.887
"62","Brian McCann",2015,88,0.248,3.9,0.975836435748748,NA,"Yankees",90,315,354,0.079096,0.215873,0.19209,0.411765,0.316384,0.463492,0.779876,0.215873,0.25641,0.75,0.188,0.348,0.464,0.0431034,0.155172,0.0574713,0.5,0.334954,6.70821,45.719,2.36125,2.11445,31,112.366
"63","Mike Moustakas",2015,96,0.255,4.2,1.05235480778269,NA,"Royals",99,374,420,0.0642857,0.125668,0.111905,0.574468,0.338129,0.409091,0.74722,0.13369,0.28882,1.02308,0.200608,0.404255,0.395137,0.161538,0.0769231,0.0451128,0.5,0.32819,5.72091,52.0049,1.92171,2.46969,26,108.494
"64","Ender Inciarte",2015,81,0.224,4.3,0.713487731632383,NA,"Diamondbacks",84,341,359,0.0278552,0.120235,0.114206,0.243902,0.321229,0.392962,0.714191,0.0967742,0.326667,2.25,0.20678,0.549153,0.244068,0.111111,0.0416667,0.0493827,0.555556,0.311259,0.101528,39.6633,1.30278,5.7115,24,92.8898
"65","Jason Heyward",2015,102,0.227,4,0.746281319646928,-0.68020897871021,"Cardinals",106,380,418,0.076555,0.176316,0.160287,0.477612,0.340528,0.426316,0.766843,0.142105,0.322476,2.12346,0.199367,0.544304,0.256329,0.148148,0.111111,0.0581395,0,0.331525,6.79159,52.8552,3.29019,6.1112,25,112.509
"66","Asdrubal Cabrera",2015,93,0.247,3.9,0.964905239743899,NA,"Rays",96,340,368,0.0652174,0.232353,0.214674,0.303797,0.307902,0.405882,0.713784,0.15,0.313726,0.824561,0.193798,0.364341,0.44186,0.0877193,0.0614035,0.0638298,0.8,0.307365,-1.0248,39.5288,1.96409,4.82377,29,98.3588
"67","Luis Valbuena",2015,90,0.28,4.1,1.3256347079039,NA,"Astros",93,340,382,0.091623,0.241176,0.21466,0.426829,0.295812,0.435294,0.731106,0.220588,0.217573,0.707317,0.189189,0.335907,0.474903,0.113821,0.170732,0.0574713,0,0.31895,2.42241,44.5188,0.868058,2.53719,29,102.111
"68","Stephen Vogt",2015,101,0.263,3.8,1.13980437582148,1.24812539357262,"Athletics",103,343,395,0.108861,0.218659,0.189873,0.573333,0.336709,0.443149,0.779858,0.186589,0.280769,1.08654,0.210909,0.410909,0.378182,0.0480769,0.144231,0.0707965,0,0.334164,7.23925,50.7683,1.90224,2.4042,30,116.252
"69","Josh Donaldson",2015,107,0.268,4.4,1.19446035584572,1.51594961194524,"Blue Jays",110,434,490,0.0918367,0.221198,0.195918,0.46875,0.364008,0.571429,0.935437,0.276498,0.313099,1.19531,0.178363,0.447368,0.374269,0.0703125,0.234375,0.0392157,0.5,0.398574,33.8436,87.8416,6.0655,3.595,29,155.751
"70","Anthony Gose",2015,81,0.237,4,0.855593279695414,NA,"Tigers",93,313,337,0.0652819,0.277955,0.25816,0.252874,0.307463,0.361022,0.668485,0.102236,0.352679,2.26923,0.21659,0.543779,0.239631,0.0576923,0.0384615,0.0762712,0.454545,0.294408,-4.37839,32.759,0.232738,7.42476,24,83.4546
"71","Alexei Ramirez",2015,103,0.244,4,0.932111651729354,0.230393363756683,"White Sox",105,394,417,0.0359712,0.119289,0.11271,0.319149,0.262019,0.345178,0.607197,0.109137,0.248555,1.5,0.21875,0.46875,0.3125,0.1,0.0636364,0.0909091,0.5,0.262995,-15.7371,30.2163,-0.552167,4.14418,33,62.4185
"72","Justin Upton",2015,101,0.249,4.1,0.986767631753596,0.498217582129299,"Padres",104,378,431,0.102088,0.293651,0.257541,0.396396,0.330233,0.433862,0.764095,0.18254,0.30315,0.87395,0.180147,0.382353,0.4375,0.0588235,0.151261,0.0961538,0,0.331064,6.84658,54.3428,2.49079,6.2798,27,115.335
"73","Cameron Maybin",2015,95,0.216,4.1,0.626038163593594,NA,"Braves",101,369,406,0.0812808,0.184282,0.167488,0.485294,0.330864,0.379404,0.710268,0.108401,0.311864,2.88525,0.215232,0.582781,0.201987,0.114754,0.131148,0.0795455,0,0.313196,0.734457,45.4757,0.725281,5.11883,28,98.6383
"74","Justin Turner",2015,87,0.239,3.2,0.877455671705111,NA,"Dodgers",87,254,282,0.0638298,0.181102,0.163121,0.391304,0.386525,0.562992,0.949517,0.240157,0.352041,1.09859,0.287081,0.373206,0.339713,0.0704225,0.183099,0.0128205,0,0.408215,21.6192,52.6956,3.57286,2.67689,30,166.99
"75","Brett Lawrie",2015,101,0.237,4,0.855593279695414,-0.144560541964979,"Athletics",105,384,411,0.0437956,0.247396,0.231144,0.189474,0.306373,0.403646,0.710018,0.135417,0.330961,1.56522,0.189003,0.494845,0.316151,0.0543478,0.108696,0.131944,0,0.30887,-0.657421,44.6348,0.489921,3.93279,25,98.6682
"76","Francisco Cervelli",2015,82,0.216,3.9,0.626038163593594,NA,"Pirates",85,292,326,0.0766871,0.208904,0.187117,0.409836,0.368421,0.410959,0.77938,0.109589,0.367257,2.18644,0.186147,0.558442,0.255411,0,0.0847458,0.0387597,0,0.343908,8.47709,44.4023,2.46419,3.76374,29,123.277
"77","Brandon Crawford",2015,103,0.254,4,1.04142361177784,0.766041800501915,"Giants",106,380,419,0.0644391,0.228947,0.207637,0.310345,0.324582,0.492105,0.816688,0.226316,0.294964,1.30769,0.186441,0.461017,0.352542,0.0673077,0.182692,0.0367647,1,0.347878,12.2058,58.3796,3.66396,4.65593,28,129.869
"78","Yangervis Solarte",2015,99,0.227,3.6,0.746281319646928,NA,"Padres",102,345,371,0.0619946,0.121739,0.113208,0.547619,0.316216,0.411594,0.72781,0.144928,0.287162,1.23364,0.211221,0.435644,0.353135,0.0934579,0.0654206,0.0454545,0,0.318096,2.10312,42.9873,1.22854,3.37671,27,106.407
"79","Juan Lagares",2015,96,0.212,3.9,0.5823133795742,NA,"Mets",102,360,378,0.031746,0.186111,0.177249,0.179104,0.280423,0.336111,0.616534,0.0833333,0.300341,1.90698,0.140893,0.563574,0.295533,0.116279,0.0348837,0.0853659,0.6,0.268864,-12.5177,29.138,0.615445,5.75442,26,71.8529
"80","Pablo Sandoval",2015,95,0.254,3.9,1.04142361177784,NA,"Red Sox",98,358,384,0.0520833,0.156425,0.145833,0.357143,0.304688,0.382682,0.687369,0.125698,0.282313,1.57447,0.20132,0.488449,0.310231,0.12766,0.0957447,0.0405405,0,0.301319,-2.89841,39.4184,-1.21475,1.41349,28,86.236
"81","Jose Altuve",2015,101,0.248,4.4,0.975836435748748,0.444652738454776,"Astros",104,426,461,0.0498915,0.105634,0.0976139,0.511111,0.342048,0.410798,0.752846,0.112676,0.314667,1.36567,0.170157,0.479058,0.350785,0.119403,0.0671642,0.125683,0.5,0.324844,5.06388,55.8661,2.24498,5.22274,25,106.208
"82","Jimmy Paredes",2015,82,0.253,4.1,1.03049241577299,NA,"Orioles",84,319,337,0.0474777,0.294671,0.278932,0.170213,0.31454,0.435737,0.750277,0.153605,0.368664,1.7619,0.226667,0.493333,0.28,0.031746,0.15873,0.108108,0.5,0.325076,3.76359,40.901,0.658248,4.1163,26,105.386
"83","Matt Kemp",2015,107,0.258,4.2,1.08514839579723,0.980301175200008,"Padres",110,423,461,0.0585683,0.248227,0.227766,0.257143,0.303688,0.394799,0.698487,0.13948,0.309904,1.36792,0.225309,0.447531,0.327161,0.0283019,0.103774,0.0689655,0,0.304591,-2.2911,48.5111,-0.294351,5.14574,30,97.1104
"84","Steven Souza",2015,89,0.272,3.9,1.23818513986511,NA,"Rays",89,308,348,0.100575,0.396104,0.350575,0.286885,0.302594,0.402597,0.705191,0.188312,0.298246,1.35484,0.19337,0.464088,0.342541,0.112903,0.241935,0.0952381,0.5,0.311396,0.136076,38.4857,1.18524,5.28748,26,101.161
"85","Avisail Garcia",2015,96,0.235,4.1,0.833730887685717,NA,"White Sox",98,371,398,0.0527638,0.269542,0.251256,0.21,0.31407,0.374663,0.688733,0.107817,0.342205,2.31148,0.257353,0.518382,0.224265,0.0491803,0.147541,0.0992908,0,0.303172,-2.42309,41.4365,-0.520053,3.21407,24,90.3476
"86","Wilmer Flores",2015,98,0.207,3.9,0.527657399549957,NA,"Mets",100,365,385,0.0337662,0.142466,0.135065,0.25,0.281984,0.389041,0.671025,0.136986,0.266447,1.12281,0.229299,0.407643,0.363057,0.166667,0.0964912,0.0625,0,0.291218,-5.96954,36.4575,1.08399,1.24658,23,87.2421
"87","Nick Markakis",2015,106,0.213,4.3,0.593244575579049,-1.43011679015353,"Braves",109,423,474,0.101266,0.141844,0.126582,0.8,0.375527,0.380615,0.756142,0.0780142,0.348066,2.23256,0.236264,0.527473,0.236264,0.104651,0.0232558,0.0833333,0,0.333536,8.45266,60.6875,1.43421,2.80828,31,112.641
"88","Jean Segura",2015,91,0.249,4.1,0.986767631753596,NA,"Brewers",94,372,388,0.0231959,0.155914,0.149485,0.155172,0.281654,0.319892,0.601546,0.0645161,0.292605,2.57534,0.166134,0.600639,0.233227,0.0684932,0.0547945,0.0851064,0,0.263474,-14.4964,28.2612,-0.0916141,5.94461,25,59.8177
"89","Didi Gregorius",2015,97,0.232,3.8,0.800937299671171,NA,"Yankees",102,343,376,0.0531915,0.166181,0.151596,0.350877,0.308311,0.346939,0.65525,0.0874636,0.294737,1.53933,0.215278,0.475694,0.309028,0.0898876,0.0561798,0.0729927,0.4,0.290065,-6.17143,35.2638,1.36222,3.55077,25,81.1613
"90","David Murphy",2015,91,0.213,2.8,0.593244575579049,NA,"- - -",93,237,261,0.0651341,0.14346,0.130268,0.5,0.328185,0.405063,0.733249,0.122363,0.306931,1.48529,0.183575,0.487923,0.328502,0.102941,0.0735294,0.108911,0,0.31817,1.49476,30.257,-0.232657,2.32898,33,103.977
"91","Aaron Hill",2015,81,0.195,3,0.396483047491775,NA,"Diamondbacks",84,221,249,0.0923695,0.171946,0.15261,0.605263,0.285141,0.312217,0.597358,0.0995475,0.234973,1.16667,0.165775,0.449198,0.385027,0.0555556,0.0555556,0.0595238,0,0.267289,-8.55473,18.8851,-0.380333,3.90478,33,62.6194
"92","J.D. Martinez",2015,105,0.248,4.2,0.975836435748748,0.444652738454776,"Tigers",108,409,448,0.0758929,0.295844,0.270089,0.280992,0.350446,0.564792,0.915239,0.273839,0.343629,0.725191,0.217993,0.32872,0.453287,0.0534351,0.229008,0.0947368,0,0.388049,27.228,76.5976,4.62919,3.04619,27,148.55
"93","Ian Kinsler",2015,105,0.244,4.4,0.932111651729354,0.230393363756683,"Tigers",109,437,479,0.0793319,0.141876,0.129436,0.612903,0.359081,0.425629,0.784711,0.12357,0.339623,0.89726,0.255376,0.352151,0.392473,0.0890411,0.0410959,0.0610687,0.8,0.343695,12.3754,65.1612,3.37586,5.47671,33,117.717
"94","Andre Ethier",2015,95,0.243,3.4,0.921180455724505,NA,"Dodgers",98,289,328,0.10061,0.17301,0.152439,0.66,0.359756,0.470588,0.830344,0.190311,0.30131,1.05747,0.257261,0.381743,0.360996,0.0804598,0.137931,0.0978261,0,0.359185,12.4765,48.6221,1.96181,3.75388,33,133.236
"95","Alcides Escobar",2015,96,0.241,4.5,0.899318063714808,NA,"Royals",99,414,448,0.0401786,0.120773,0.111607,0.36,0.31448,0.34058,0.655059,0.0652174,0.306849,1.64151,0.230769,0.478022,0.291209,0.0943396,0.0188679,0.0574713,0.222222,0.289185,-7.66371,41.7059,2.37613,5.1559,28,81.3791
"96","Adam Jones",2015,96,0.28,4.3,1.3256347079039,NA,"Orioles",98,391,417,0.0431655,0.15601,0.146283,0.295082,0.321343,0.478261,0.799604,0.196931,0.295238,1.17213,0.194529,0.43465,0.370821,0.106557,0.139344,0.0839161,0.666667,0.342693,10.4442,56.3976,3.27629,4.33778,29,117.632
"97","Michael Bourn",2015,91,0.224,3.6,0.713487731632383,NA,"- - -",96,294,331,0.0876133,0.261905,0.232628,0.376623,0.311728,0.292517,0.604245,0.047619,0.330275,1.73684,0.253589,0.473684,0.272727,0.0701754,0,0.0808081,0.25,0.273629,-9.71865,26.7576,-0.313894,4.88655,32,72.3781
"98","Freddy Galvis",2015,99,0.246,3.9,0.953974043739051,NA,"Phillies",101,373,399,0.0501253,0.198391,0.185464,0.27027,0.309824,0.356568,0.666392,0.0857909,0.324324,1.14286,0.224138,0.413793,0.362069,0.0952381,0.047619,0.075,0.307692,0.29369,-5.40968,38.5601,1.46739,5.06491,25,84.7332
"99","Johnny Giavotella",2015,104,0.205,3.9,0.50579500754026,-1.85863553954972,"Angels",107,375,417,0.0671463,0.130667,0.117506,0.571429,0.313869,0.349333,0.663202,0.0853333,0.291793,1.54545,0.236364,0.463636,0.3,0.10101,0.030303,0.0784314,0,0.29242,-6.07092,39.8825,0.320995,3.84465,27,89.5432
"100","Justin Maxwell",2015,81,0.218,2.9,0.647900555603291,NA,"Giants",84,219,239,0.0669456,0.296804,0.271967,0.246154,0.277311,0.365297,0.642608,0.146119,0.277027,1.30189,0.212903,0.445161,0.341935,0.0754717,0.132075,0.144928,0,0.282693,-5.31078,21.027,0.588405,4.64175,31,84.9944
"101","Derek Norris",2015,98,0.257,4,1.07421719979238,NA,"Padres",102,377,402,0.0547264,0.254642,0.238806,0.229167,0.288557,0.400531,0.689088,0.159151,0.29368,1.04237,0.142349,0.437722,0.419929,0.101695,0.101695,0.138211,0,0.301115,-3.09877,41.2016,1.78223,3.99873,26,94.7172
"102","Mark Trumbo",2015,94,0.253,3.8,1.03049241577299,NA,"- - -",96,345,367,0.0572207,0.263768,0.247956,0.230769,0.294278,0.431884,0.726162,0.17971,0.305785,1.17347,0.164706,0.45098,0.384314,0.0816327,0.132653,0.0608696,0,0.314535,1.05097,41.4944,-0.0458121,2.72838,29,98.9255
"103","Chris Coghlan",2015,102,0.234,3.4,0.822799691680868,-0.305255072988547,"Cubs",105,312,354,0.110169,0.189103,0.166667,0.661017,0.33711,0.419872,0.756982,0.169872,0.276859,1.42683,0.200803,0.46988,0.329317,0.0487805,0.134146,0.0598291,0.2,0.327591,4.65468,43.6655,2.1606,4.63289,30,108.284
"104","Ian Desmond",2015,102,0.262,4.1,1.12887317981663,1.1945605498981,"Nationals",105,397,431,0.0580046,0.314861,0.290023,0.2,0.271663,0.370277,0.64194,0.148615,0.290076,1.64368,0.157509,0.52381,0.318681,0.137931,0.137931,0.0979021,0.2,0.281122,-10.1107,37.3855,-0.023906,5.15675,29,76.332
"105","Yadier Molina",2015,100,0.214,3.9,0.604175771583897,-1.37655194647901,"Cardinals",102,373,401,0.0573566,0.131367,0.122195,0.469388,0.32,0.353887,0.673887,0.0723861,0.315951,1.57576,0.222561,0.47561,0.301829,0.121212,0.020202,0.0320513,0,0.294861,-5.06685,39.1234,1.17592,1.80586,32,87.2689
"106","Logan Forsythe",2015,105,0.219,4.1,0.65883175160814,-1.1087277281064,"Rays",108,379,434,0.09447,0.200528,0.175115,0.539474,0.361751,0.440633,0.802384,0.163588,0.313993,0.914062,0.196721,0.383607,0.419672,0.0859375,0.101562,0.0940171,0,0.352469,14.2125,62.0393,3.40687,3.49454,28,129.713
"107","Carlos Gonzalez",2015,97,0.264,4.1,1.15073557182632,NA,"Rockies",101,365,404,0.0816832,0.230137,0.207921,0.392857,0.337469,0.528767,0.866236,0.249315,0.301527,1.36364,0.176056,0.475352,0.348592,0.0606061,0.232323,0.037037,0,0.368256,18.2544,62.7752,2.12345,3.24002,29,119.446
"108","Salvador Perez",2015,96,0.246,3.9,0.953974043739051,NA,"Royals",98,369,381,0.0183727,0.151762,0.146982,0.125,0.262467,0.422764,0.685231,0.173442,0.252492,1.06557,0.205047,0.410095,0.384858,0.131148,0.131148,0.0692308,0,0.293029,-5.364,36.6222,1.08466,1.68372,25,84.0508
"109","Seth Smith",2015,94,0.233,3.4,0.81186849567602,NA,"Mariners",97,286,324,0.0987654,0.248252,0.219136,0.450704,0.328173,0.447552,0.775726,0.195804,0.301435,1,0.198157,0.400922,0.400922,0.0114943,0.103448,0.0344828,0.5,0.333066,5.65776,41.3626,1.5136,3.10996,32,115.811
"110","Billy Butler",2015,102,0.25,4,0.997698827758445,0.551782425803822,"Athletics",104,380,422,0.0758294,0.181579,0.163507,0.463768,0.305687,0.365789,0.671477,0.126316,0.267974,1.73958,0.165079,0.530159,0.304762,0.114583,0.09375,0.0419162,0,0.293178,-5.89151,40.6129,-0.902119,1.88189,29,87.7603
"111","Trevor Plouffe",2015,100,0.237,4.2,0.855593279695414,-0.144560541964979,"Twins",103,392,430,0.0790698,0.191327,0.174419,0.453333,0.310023,0.454082,0.764105,0.204082,0.273026,0.976923,0.189274,0.400631,0.410095,0.107692,0.115385,0.0944882,0.333333,0.330308,6.57451,53.9605,2.55622,4.3569,29,109.44
"112","Neil Walker",2015,98,0.223,4.2,0.702556535627534,NA,"Pirates",100,383,419,0.0668258,0.206266,0.188544,0.35443,0.329356,0.425587,0.754943,0.154047,0.315254,1.06897,0.213115,0.406557,0.380328,0.0517241,0.0948276,0.0483871,0,0.328439,5.78927,51.9631,1.85363,3.80191,29,112.627
"113","Mark Reynolds",2015,91,0.217,3.4,0.636969359598443,NA,"Cardinals",94,277,312,0.099359,0.33574,0.298077,0.333333,0.304487,0.382671,0.687159,0.158845,0.299435,0.974684,0.16129,0.413978,0.424731,0.0886076,0.113924,0.0649351,0,0.301981,-2.19232,32.1901,0.179603,3.34208,31,92.1704
"114","Charlie Blackmon",2015,104,0.227,4.4,0.746281319646928,-0.68020897871021,"Rockies",107,417,469,0.0724947,0.196643,0.17484,0.414634,0.358369,0.470024,0.828393,0.177458,0.334356,1.13559,0.245509,0.401198,0.353293,0.0254237,0.110169,0.0298507,0.5,0.358843,17.7135,69.3973,3.08554,7.2608,28,112.966
"115","Eric Sogard",2015,86,0.184,3.6,0.276239891438441,NA,"Athletics",93,293,315,0.0571429,0.139932,0.130159,0.439024,0.290735,0.283276,0.574011,0.0375427,0.284585,1.29268,0.24498,0.425703,0.329317,0.0487805,0,0.0283019,0.333333,0.256439,-13.5147,21.1983,0.436707,4.95167,29,62.2206
"116","Hanley Ramirez",2015,94,0.262,4.1,1.12887317981663,NA,"Red Sox",97,370,397,0.0503778,0.17027,0.15869,0.31746,0.302267,0.445946,0.748213,0.183784,0.267123,1.54639,0.205788,0.482315,0.311897,0.123711,0.195876,0.0733333,0,0.321751,3.3937,47.1431,-1.14963,4.30568,31,100.44
"117","Adam Lind",2015,101,0.257,3.9,1.07421719979238,0.926736331525485,"Brewers",103,356,404,0.108911,0.199438,0.175743,0.619718,0.363861,0.483146,0.847007,0.196629,0.316176,1.31373,0.180556,0.465278,0.354167,0.0882353,0.156863,0.0298507,0,0.363567,16.7621,61.2829,1.91526,1.00824,31,128.725
"118","Matt Carpenter",2015,101,0.245,4.3,0.943042847734202,0.283958207431206,"Cardinals",104,383,448,0.129464,0.229765,0.196429,0.659091,0.366071,0.472585,0.838656,0.206266,0.304965,0.754098,0.279461,0.309764,0.410774,0.0327869,0.131148,0.0543478,1,0.362342,18.1552,67.5248,3.45431,3.31162,29,133.725
"119","Dee Gordon",2015,92,0.235,4.5,0.833730887685717,NA,"Marlins",95,406,426,0.0305164,0.160099,0.152582,0.2,0.345972,0.399015,0.744986,0.0738916,0.383041,3.48214,0.225309,0.601852,0.17284,0.0535714,0.0178571,0.128205,0.347826,0.323707,4.29809,51.2433,2.48797,6.85893,27,105.055
"120","Kurt Suzuki",2015,85,0.239,3.8,0.877455671705111,NA,"Twins",89,301,334,0.0628743,0.116279,0.10479,0.6,0.284848,0.30897,0.593819,0.0797342,0.244361,1.1028,0.166667,0.437037,0.396296,0.102804,0.0373832,0.0508475,0,0.259992,-13.3949,23.4119,-0.224875,0.898671,31,60.5589
"121","Gerardo Parra",2015,103,0.244,3.6,0.932111651729354,0.230393363756683,"- - -",107,352,383,0.0600522,0.178977,0.164491,0.365079,0.361257,0.494318,0.855575,0.176136,0.362676,1.73418,0.239437,0.482394,0.278169,0.113924,0.113924,0.0875912,0.7,0.36574,16.5464,58.753,0.793734,6.43179,28,130.247
"122","Kendrys Morales",2015,106,0.198,4.1,0.429276635506321,-2.23358944527138,"Royals",109,403,443,0.0699774,0.163772,0.148984,0.469697,0.34763,0.459057,0.806687,0.168734,0.320122,1.18254,0.191176,0.438235,0.370588,0.0396825,0.0952381,0.0469799,0,0.349137,13.3445,62.1631,1.19464,1.67227,32,123.055
"123","Elvis Andrus",2015,105,0.23,4.2,0.779074907661474,-0.51951444768664,"Rangers",107,408,453,0.0662252,0.154412,0.139073,0.47619,0.304933,0.338235,0.643168,0.0833333,0.288184,1.50962,0.236842,0.459064,0.304094,0.0673077,0.0384615,0.0828025,0.3125,0.283552,-9.75977,40.1608,0.140167,4.28244,26,72.2929
"124","Alexi Amarista",2015,81,0.233,3.3,0.81186849567602,NA,"Padres",84,251,281,0.0747331,0.171315,0.153025,0.488372,0.266187,0.306773,0.57296,0.0996016,0.233333,1.5,0.214286,0.471429,0.314286,0.0454545,0.0454545,0.0909091,0,0.248964,-13.7107,17.2555,-0.278662,5.92171,26,58.8147
"125","Lorenzo Cain",2015,94,0.239,4.3,0.877455671705111,NA,"Royals",97,375,413,0.0653753,0.181333,0.164649,0.397059,0.363196,0.493333,0.856529,0.186667,0.347826,1.41837,0.235484,0.448387,0.316129,0.0204082,0.112245,0.0863309,0,0.367613,18.4521,63.9647,4.68226,8.01781,29,135.899
"126","Buster Posey",2015,99,0.23,4.2,0.779074907661474,NA,"Giants",102,377,423,0.0921986,0.0928382,0.0827423,1.11429,0.390071,0.506631,0.896702,0.175066,0.328313,1.38053,0.227011,0.448276,0.324713,0.0707965,0.141593,0.0320513,0,0.383726,24.268,70.8826,5.16047,2.51624,28,154.548
"127","Logan Morrison",2015,100,0.227,3.9,0.746281319646928,-0.68020897871021,"Mariners",103,353,393,0.0916031,0.17847,0.160305,0.571429,0.29771,0.365439,0.663149,0.144476,0.236559,1.17117,0.163194,0.451389,0.385417,0.0900901,0.108108,0.0461538,0.666667,0.290313,-6.37381,36.9348,-0.177672,4.51359,27,86.0905
"128","Paul Goldschmidt",2015,106,0.231,4.4,0.790006103666323,-0.465949604012117,"Diamondbacks",108,388,478,0.175732,0.247423,0.200837,0.875,0.446541,0.569588,1.01613,0.237113,0.389091,1.14953,0.225589,0.414141,0.360269,0.046729,0.205607,0.0650406,0,0.4228,42.1375,94.8131,5.16499,4.45219,27,169.678
"129","Danny Espinosa",2015,87,0.26,3.9,1.10701078780693,NA,"Nationals",92,308,347,0.0835735,0.25974,0.230548,0.3625,0.321739,0.405844,0.727583,0.159091,0.3,1.10714,0.188073,0.426605,0.385321,0.166667,0.119048,0.0860215,0.571429,0.314778,1.06021,39.2996,1.90654,4.54144,28,99.5021
"130","Starling Marte",2015,97,0.253,4.3,1.03049241577299,NA,"Pirates",101,387,423,0.0449173,0.242894,0.222222,0.202128,0.334917,0.44186,0.776777,0.157623,0.342756,2.77193,0.256055,0.546713,0.197232,0.0877193,0.22807,0.158228,0.222222,0.33717,8.75416,55.3688,2.40013,5.54243,26,118.638
"131","A.J. Pollock",2015,103,0.259,4.3,1.09607959180208,1.03386601887453,"Diamondbacks",106,406,450,0.0844444,0.157635,0.142222,0.59375,0.362222,0.463054,0.825276,0.157635,0.33631,1.79798,0.194767,0.517442,0.287791,0.121212,0.111111,0.0898876,1,0.357914,16.6667,66.2567,4.5215,6.55426,27,125.009
"132","Chris Davis",2015,104,0.265,4.2,1.16166676783117,1.35525508092167,"Orioles",107,385,441,0.111111,0.358442,0.312925,0.355072,0.333333,0.516883,0.850216,0.267532,0.303571,0.728972,0.26,0.312,0.428,0.0280374,0.261682,0.025641,1,0.362873,18.0563,66.6545,2.80207,1.78401,29,131.661
"133","Brock Holt",2015,84,0.242,4,0.910249259719656,NA,"Red Sox",90,310,349,0.0945559,0.232258,0.206304,0.458333,0.346821,0.374194,0.721014,0.1,0.350211,2.17857,0.25523,0.51046,0.23431,0.0535714,0.0357143,0.0737705,0,0.320177,2.55066,41.0105,1.78197,5.39906,27,99.3456
"134","Evan Longoria",2015,106,0.238,4.2,0.866524475700262,-0.0909956982904561,"Rays",109,398,448,0.0892857,0.218593,0.194196,0.45977,0.350446,0.442211,0.792657,0.160804,0.326733,0.868217,0.237342,0.35443,0.408228,0.108527,0.100775,0.0446429,0,0.341284,10.7234,60.093,3.4879,2.45733,29,121.938
"135","David Freese",2015,90,0.228,3.9,0.757212515651777,NA,"Angels",90,317,353,0.0708215,0.249211,0.223796,0.316456,0.308782,0.397476,0.706258,0.157729,0.282609,1.84286,0.174274,0.53527,0.290456,0.0857143,0.157143,0.0155039,0,0.310556,-0.0958006,38.8048,1.41393,2.23964,32,102.15
"136","Jason Kipnis",2015,101,0.241,4.6,0.899318063714808,0.0696988327331135,"Indians",101,405,468,0.100427,0.17037,0.147436,0.681159,0.401288,0.476543,0.877831,0.150617,0.375,1.7931,0.28739,0.457478,0.255132,0.045977,0.0689655,0.0576923,0.333333,0.378754,25.0168,76.5904,5.01891,5.68507,28,145.439
"137","Nolan Arenado",2015,103,0.263,4.2,1.13980437582148,1.24812539357262,"Rockies",105,407,440,0.0522727,0.159705,0.147727,0.353846,0.318182,0.562654,0.880835,0.285012,0.267913,0.807692,0.189655,0.362069,0.448276,0.108974,0.173077,0.0634921,0,0.365506,18.9278,67.4158,3.59655,3.69697,24,117.553
"138","Kyle Seager",2015,108,0.236,4.2,0.844662083690565,-0.198125385639503,"Mariners",110,422,461,0.0759219,0.14218,0.130152,0.583333,0.32538,0.438389,0.763768,0.170616,0.278736,1.06767,0.238227,0.393352,0.368421,0.075188,0.120301,0.028169,0.333333,0.329114,6.61493,57.4171,2.52532,2.67762,27,113.064
"139","Brian Dozier",2015,105,0.244,4.5,0.932111651729354,0.230393363756683,"Twins",108,429,482,0.0850622,0.249417,0.221992,0.383178,0.319502,0.498834,0.818337,0.249417,0.273026,0.615894,0.249231,0.286154,0.464615,0.178808,0.15894,0.0967742,1,0.349745,14.7502,67.8666,3.5554,5.87381,28,122.952
"140","Andrew McCutchen",2015,103,0.246,4.3,0.953974043739051,0.33752305110573,"Pirates",105,380,454,0.127753,0.213158,0.178414,0.716049,0.398678,0.507895,0.906573,0.207895,0.337931,0.866142,0.22549,0.359477,0.415033,0.0551181,0.125984,0.0727273,0,0.388247,27.6637,77.6945,4.11366,4.22412,28,153.801
"141","Austin Jackson",2015,84,0.248,4.3,0.975836435748748,NA,"Mariners",87,344,370,0.0567568,0.247093,0.22973,0.247059,0.294278,0.351744,0.646022,0.101744,0.314961,1.92754,0.217054,0.515504,0.267442,0.0144928,0.0869565,0.0601504,0.2,0.284957,-7.56181,33.2122,1.34216,4.8592,28,82.3676
"142","DJ LeMahieu",2015,102,0.216,4.2,0.626038163593594,-1.26942225912997,"Rockies",104,392,431,0.0858469,0.201531,0.183295,0.468354,0.376744,0.405612,0.782356,0.0892857,0.38835,2.8,0.269231,0.538462,0.192308,0.0166667,0.0666667,0.0357143,0,0.344575,11.434,58.9302,2.54505,6.15872,26,103.144
"143","Jay Bruce",2015,101,0.256,4.2,1.06328600378754,0.873171487850962,"Reds",104,379,432,0.106481,0.258575,0.226852,0.469388,0.328704,0.469657,0.798361,0.221636,0.286245,0.832,0.196491,0.364912,0.438596,0.056,0.136,0.0384615,0,0.340459,10.0598,57.6662,1.76084,4.01887,28,114.329
"144","Colby Rasmus",2015,85,0.226,3.7,0.73535012364208,NA,"Astros",93,290,325,0.0923077,0.355172,0.316923,0.291262,0.307692,0.437931,0.745623,0.203448,0.310734,0.571429,0.227027,0.281081,0.491892,0.10989,0.142857,0.0192308,0.6,0.32373,3.28496,39.1,1.62569,3.46691,28,105.434
"145","Chris Carter",2015,94,0.249,3.9,0.986767631753596,NA,"Astros",96,314,372,0.129032,0.388535,0.327957,0.393443,0.295699,0.378981,0.67468,0.197452,0.222222,0.576923,0.167513,0.304569,0.527919,0.0865385,0.163462,0.0666667,0,0.298503,-3.63293,37.3615,-0.102581,1.76861,28,87.8977
"146","Brett Gardner",2015,96,0.239,4.5,0.877455671705111,NA,"Yankees",101,383,443,0.103837,0.229765,0.198646,0.522727,0.369266,0.449086,0.818352,0.16188,0.346154,1.51648,0.213058,0.474227,0.312715,0.0659341,0.120879,0.0942029,0.307692,0.35774,16.3466,65.1652,2.75681,6.65162,31,128.206
"147","Chris Owings",2015,92,0.23,3.9,0.779074907661474,NA,"Diamondbacks",96,344,368,0.0380435,0.284884,0.266304,0.142857,0.256906,0.319767,0.576674,0.0930233,0.304878,1.01111,0.245833,0.379167,0.375,0.0777778,0.0333333,0.0769231,0.4,0.249857,-17.6967,22.8569,-0.778909,7.40738,23,50.6189
"148","Mike Trout",2015,104,0.262,4.3,1.12887317981663,1.1945605498981,"Angels",106,393,456,0.116228,0.267176,0.230263,0.504762,0.39693,0.615776,1.01271,0.310433,0.338521,0.886957,0.251724,0.351724,0.396552,0.0347826,0.286957,0.117647,0,0.424314,40.7418,90.993,6.47196,4.78697,23,181.23
"149","Billy Hamilton",2015,95,0.214,4.1,0.604175771583897,NA,"Reds",98,359,393,0.0534351,0.181058,0.165394,0.323077,0.263021,0.278552,0.541572,0.0584958,0.258503,1.02857,0.214022,0.398524,0.387454,0.0666667,0.0285714,0.12963,0.314286,0.241785,-21.3979,21.9107,1.54531,8.1915,24,46.3983
"150","Jose Iglesias",2015,92,0.228,3.9,0.757212515651777,NA,"Tigers",98,340,369,0.0487805,0.111765,0.102981,0.473684,0.349727,0.388235,0.737962,0.0794118,0.339934,2.73016,0.214047,0.575251,0.210702,0.126984,0.031746,0.0872093,0.111111,0.323622,3.69834,44.3621,1.80392,4.50869,25,103.763
"151","Brandon Belt",2015,99,0.267,4,1.18352915984087,NA,"Giants",102,363,409,0.0977995,0.30303,0.268949,0.363636,0.344743,0.482094,0.826837,0.212121,0.344398,0.885417,0.290196,0.333333,0.376471,0,0.15625,0.0117647,1,0.355705,14.4365,59.5083,3.05851,4.72204,27,135.258
"152","Adeiny Hechavarria",2015,104,0.22,3.9,0.669762947612988,-1.05516288443187,"Marlins",108,395,419,0.0453461,0.174684,0.164678,0.275362,0.310263,0.372152,0.682414,0.0962025,0.320988,1.71277,0.205607,0.501558,0.292835,0.0957447,0.0531915,0.0621118,0.625,0.295111,-5.21177,40.962,2.72582,4.91973,26,85.3682
"153","Cesar Hernandez",2015,91,0.196,3.3,0.407414243496623,NA,"Phillies",96,277,314,0.0987261,0.194946,0.171975,0.574074,0.360129,0.371841,0.73197,0.0866426,0.349776,2.5,0.263158,0.526316,0.210526,0.0454545,0.0227273,0.0636364,0.444444,0.324979,3.48262,38.0854,1.55047,7.12829,25,106.274
"154","Andrelton Simmons",2015,101,0.238,4,0.866524475700262,-0.0909956982904561,"Braves",102,372,409,0.0709046,0.077957,0.0709046,1,0.318627,0.333333,0.651961,0.077957,0.269795,2.05814,0.224189,0.522124,0.253687,0.0813954,0.0348837,0.0677966,0,0.288032,-7.36835,37.7034,2.08316,3.76056,25,81.314
"155","Evan Gattis",2015,103,0.255,4,1.05235480778269,0.819606644176439,"Astros",106,399,420,0.0380952,0.220551,0.209524,0.181818,0.269048,0.43609,0.705138,0.197995,0.262626,1.28947,0.16879,0.468153,0.363057,0.140351,0.149123,0.0884354,0,0.300726,-3.36615,42.9179,-0.582819,4.15471,28,89.4431
"156","Kevin Kiermaier",2015,99,0.242,3.7,0.910249259719656,NA,"Rays",106,357,376,0.037234,0.201681,0.191489,0.194444,0.275401,0.394958,0.670359,0.151261,0.294326,1.52326,0.225,0.467857,0.307143,0.104651,0.0465116,0.0839695,0.375,0.289164,-6.43825,34.997,3.45985,7.54805,25,85.7065
"157","Kole Calhoun",2015,104,0.247,4.2,0.964905239743899,0.391087894780253,"Angels",106,412,451,0.0709534,0.245146,0.223947,0.316832,0.329621,0.436893,0.766515,0.160194,0.331104,1.18519,0.246006,0.408946,0.345048,0.0740741,0.138889,0.015625,0.333333,0.333162,7.90942,57.6096,2.8792,3.30288,27,117.865
"158","Adam Eaton",2015,100,0.221,4.5,0.680694143617837,-1.00159804075735,"White Sox",102,404,455,0.0857143,0.207921,0.184615,0.464286,0.345133,0.418317,0.76345,0.15099,0.318328,1.73034,0.223642,0.492013,0.284345,0.11236,0.101124,0.0519481,0.3,0.335312,8.75049,58.8915,1.66049,7.03189,26,112.69
"159","Yasmani Grandal",2015,82,0.248,3.7,0.975836435748748,NA,"Dodgers",86,268,318,0.144654,0.242537,0.204403,0.707692,0.391167,0.5,0.891167,0.212687,0.326316,1.24324,0.186275,0.45098,0.362745,0.121622,0.202703,0.0434783,0.5,0.386433,18.9223,53.9659,2.97098,1.18627,26,151.994
"160","Odubel Herrera",2015,92,0.208,3.6,0.538588595554806,NA,"Phillies",98,322,343,0.0349854,0.242236,0.227405,0.153846,0.319527,0.42236,0.741887,0.13354,0.366667,1.43038,0.20332,0.46888,0.327801,0.101266,0.0632911,0.0884956,0.222222,0.322381,3.10229,40.9009,1.17418,6.01556,23,104.485
"161","Christian Yelich",2015,88,0.209,4.1,0.549519791559654,NA,"Marlins",91,341,377,0.0901857,0.231672,0.209549,0.43038,0.339523,0.369501,0.709024,0.0997067,0.335938,4.46154,0.180769,0.669231,0.15,0,0.153846,0.0517241,0,0.316051,1.52973,43.0751,1.30712,4.81712,23,99.7839
"162","Michael Taylor",2015,88,0.221,3.7,0.680694143617837,NA,"Nationals",94,317,341,0.058651,0.343849,0.319648,0.183486,0.282353,0.37224,0.654593,0.135647,0.325,1.46774,0.231156,0.457286,0.311558,0.129032,0.16129,0.0989011,0.5,0.280918,-8.05413,29.5241,2.09078,5.02137,24,76.1918
"163","Manny Machado",2015,107,0.254,4.3,1.04142361177784,0.766041800501915,"Orioles",109,423,474,0.092827,0.163121,0.14557,0.637681,0.366525,0.524823,0.891348,0.224586,0.309309,1.04225,0.171429,0.422857,0.405714,0.15493,0.169014,0.0675676,0.555556,0.383353,27.0548,79.2896,5.34565,4.66123,22,145.897
"164","Bryce Harper",2015,100,0.228,4.2,0.757212515651777,-0.626644135035687,"Nationals",103,350,436,0.188073,0.248571,0.199541,0.942529,0.465596,0.662857,1.12845,0.325714,0.378723,0.877358,0.240458,0.354962,0.40458,0.0660377,0.273585,0.0645161,1,0.470768,54.9109,102.958,7.02805,3.0429,22,206.89
"165","Nick Castellanos",2015,102,0.252,3.9,1.01956121976814,0.658912113152869,"Tigers",107,375,409,0.0709046,0.274667,0.251834,0.281553,0.293399,0.394667,0.688065,0.154667,0.298113,0.905172,0.199275,0.380435,0.42029,0.0172414,0.0948276,0.0285714,0,0.29869,-3.93397,41.1378,-0.713443,3.04738,23,86.4317
"166","Leonys Martin",2015,87,0.228,3.6,0.757212515651777,NA,"Rangers",94,287,309,0.0517799,0.236934,0.220065,0.235294,0.264706,0.313589,0.578295,0.0940767,0.269767,1.56522,0.15311,0.516746,0.330144,0.101449,0.0724638,0.0277778,0.428571,0.255307,-13.5329,20.5189,0.351171,4.56412,27,52.6582
"167","Joc Pederson",2015,103,0.239,4.2,0.877455671705111,-0.0374308546159329,"Dodgers",107,366,443,0.151242,0.355191,0.293454,0.515385,0.355204,0.45082,0.806023,0.226776,0.282407,1.0625,0.161017,0.432203,0.40678,0.114583,0.21875,0.0294118,0.5,0.351867,14.297,63.1156,2.73634,2.65505,23,128.198
"168","Joe Panik",2015,97,0.221,4.4,0.680694143617837,NA,"Giants",97,375,423,0.0874704,0.112,0.0992908,0.880952,0.37381,0.442667,0.816476,0.133333,0.330303,1.30357,0.232143,0.434524,0.333333,0.0803571,0.0625,0.0753425,0.5,0.356961,15.3491,61.9637,3.97785,3.77891,24,136.122
"169","Cody Asche",2015,82,0.229,3.6,0.768143711656626,NA,"Phillies",86,295,312,0.0512821,0.261017,0.246795,0.207792,0.288462,0.376271,0.664733,0.125424,0.319249,1.08974,0.24537,0.393519,0.361111,0.128205,0.0769231,0.0941176,0.333333,0.290436,-5.02974,29.3527,-1.09756,2.73014,25,82.4935
"170","Nick Ahmed",2015,93,0.23,3.7,0.779074907661474,NA,"Diamondbacks",98,316,347,0.0720461,0.193038,0.175793,0.409836,0.281977,0.335443,0.61742,0.110759,0.256,1.24719,0.190283,0.449393,0.360324,0.0898876,0.0786517,0.0540541,0.461538,0.272509,-10.4948,27.7446,1.31049,4.15035,25,66.2128
"171","Xander Bogaerts",2015,102,0.237,4.1,0.855593279695414,-0.144560541964979,"Red Sox",107,407,431,0.0394432,0.159705,0.150812,0.261538,0.340326,0.405405,0.745732,0.0933661,0.362573,1.87368,0.201754,0.520468,0.277778,0.105263,0.0315789,0.106742,0.2,0.325467,4.94606,52.4423,2.75209,5.20813,22,103.023
"172","Jace Peterson",2015,101,0.232,4.2,0.800937299671171,-0.412384760337594,"Braves",105,383,436,0.0963303,0.224543,0.197248,0.488372,0.324826,0.35248,0.677306,0.104439,0.305085,1.41489,0.225256,0.453925,0.320819,0.0531915,0.0531915,0.0601504,0.25,0.299262,-3.99741,44.0498,1.18155,4.29027,25,89.0454
"173","Kevin Pillar",2015,107,0.242,4,0.910249259719656,0.123263676407637,"Blue Jays",111,408,438,0.0479452,0.151961,0.141553,0.33871,0.299539,0.372549,0.672088,0.110294,0.292398,1.0687,0.20059,0.412979,0.386431,0.175573,0.0534351,0.107143,0.142857,0.293307,-6.07034,42.1973,1.95454,5.99306,26,82.5743
"174","Kolten Wong",2015,104,0.235,4.2,0.833730887685717,-0.251690229314026,"Cardinals",107,406,449,0.0601336,0.165025,0.14922,0.402985,0.329621,0.406404,0.736025,0.140394,0.293051,1.25664,0.245562,0.420118,0.33432,0.141593,0.0973451,0.0633803,0.25,0.322191,3.99396,53.4738,2.34532,4.99629,24,106.084
"175","Marcus Semien",2015,108,0.226,3.9,0.73535012364208,-0.733773822384733,"Athletics",111,401,430,0.0627907,0.236908,0.22093,0.284211,0.300699,0.391521,0.692221,0.137157,0.309764,1.08772,0.224756,0.403909,0.371336,0.0964912,0.0877193,0.104839,0,0.301942,-3.03464,44.3514,0.658863,4.85705,24,93.8522
"176","Brad Miller",2015,101,0.237,3.6,0.855593279695414,-0.144560541964979,"Mariners",103,322,368,0.100543,0.229814,0.201087,0.5,0.325137,0.403727,0.728863,0.15528,0.290984,1.54545,0.222222,0.472222,0.305556,0.0649351,0.116883,0.0588235,0,0.319213,2.41011,42.9637,2.07488,5.40725,25,106.181
"177","Gregory Polanco",2015,101,0.245,4.1,0.943042847734202,0.283958207431206,"Pirates",104,380,424,0.0966981,0.207895,0.186321,0.518987,0.320755,0.371053,0.691807,0.123684,0.296296,1.41,0.191275,0.473154,0.33557,0.1,0.06,0.0921986,0.8,0.301772,-3.04883,43.676,1.44299,6.10882,23,94.2692
"178","Yoenis Cespedes",2015,107,0.269,4.2,1.20539155185057,1.56951445561976,"- - -",109,433,458,0.0436681,0.210162,0.19869,0.21978,0.323144,0.498845,0.821989,0.205543,0.332317,1.184,0.208696,0.428986,0.362319,0.08,0.144,0.0810811,0,0.350163,14.1663,64.6379,4.37374,4.137,29,122.552
"179","Mike Zunino",2015,92,0.241,3.7,0.899318063714808,NA,"Mariners",100,312,343,0.0553936,0.371795,0.338192,0.163793,0.230769,0.304487,0.535256,0.13141,0.234043,0.656566,0.167513,0.329949,0.502538,0.141414,0.10101,0.0461538,0,0.238085,-19.6754,18.1232,-0.312162,1.25916,24,49.784
"180","Mookie Betts",2015,94,0.259,4.5,1.09607959180208,NA,"Red Sox",97,388,426,0.0704225,0.131443,0.119718,0.588235,0.316785,0.438144,0.754929,0.17268,0.280967,0.8,0.176991,0.365782,0.457227,0.103226,0.0645161,0.0806452,0.25,0.325452,4.88349,51.8287,2.67006,6.4877,22,103.012
"181","Matt Duffy",2015,93,0.231,4,0.790006103666323,NA,"Giants",97,357,381,0.0419948,0.176471,0.165354,0.253968,0.343008,0.459384,0.802392,0.154062,0.34965,2.09333,0.213559,0.532203,0.254237,0.0533333,0.12,0.0700637,0.5,0.348378,11.249,53.2352,3.37524,5.71426,24,130.214
"182","Addison Russell",2015,89,0.215,3.8,0.615106967588746,NA,"Cubs",92,319,348,0.0775862,0.30721,0.281609,0.27551,0.304598,0.369906,0.674504,0.128527,0.327103,1.0814,0.190045,0.420814,0.38914,0.162791,0.0813954,0.0752688,0,0.298548,-3.38619,34.9634,1.54242,2.21766,21,88.2906
"183","Kris Bryant",2015,97,0.244,4.3,0.932111651729354,NA,"Cubs",100,363,433,0.133949,0.363636,0.30485,0.439394,0.357968,0.440771,0.798739,0.192837,0.339367,0.723214,0.182203,0.34322,0.474576,0.0803571,0.133929,0.17284,0,0.350076,13.3634,61.08,3.79458,6.11345,23,123.764
"184","Jose Abreu",2015,101,0.211,4.3,0.571382183569352,-1.53724647750258,"White Sox",103,405,440,0.0545455,0.22716,0.209091,0.26087,0.352273,0.516049,0.868322,0.219753,0.339041,1.64894,0.204473,0.495208,0.300319,0.117021,0.223404,0.0451613,0,0.371331,20.9471,69.4351,2.45555,2.95282,28,137.729
"185","Yasmany Tomas",2015,85,0.223,3.8,0.702556535627534,NA,"Diamondbacks",87,313,330,0.0424242,0.261981,0.248485,0.170732,0.330303,0.421725,0.752028,0.124601,0.384956,2.41509,0.219828,0.551724,0.228448,0.0754717,0.113208,0.078125,0,0.327869,4.41139,40.7774,0.175704,4.34191,24,104.325
"186","Jung-ho Kang",2015,89,0.222,3.6,0.691625339622686,NA,"Pirates",92,297,332,0.063253,0.222222,0.198795,0.318182,0.364458,0.444444,0.808902,0.151515,0.352679,1.82812,0.219828,0.50431,0.275862,0.0625,0.125,0.0769231,0,0.355419,11.6436,48.23,2.91588,4.552,28,131.201
